<?xml version="1.0" encoding="UTF-8"?>
<BUILDING>
    <HEIGHT>6.2</HEIGHT>
    <WIDTH>9.8</WIDTH>
    <LENGTH>9.6</LENGTH>
    <LEVEL>
        <LevelNumber>0</LevelNumber>
        <HEIGHT>3</HEIGHT>
        <WIDTH>9</WIDTH>
        <LENGTH>9</LENGTH>
        <ROOMNUMBER>5</ROOMNUMBER>
            <ROOM>
                <LABEL>1</LABEL>
                <TYPE>NORMALROOM</TYPE>
                <HEIGHT>3</HEIGHT>
                <WIDTH>4</WIDTH>
                <LENGTH>3</LENGTH>
                <CAPACITY>5</CAPACITY>
                <SPRINKLER>YES</SPRINKLER>
                    <SprinklerNumber>1</SprinklerNumber>
                <SMOKEDETECTOR>YES</SMOKEDETECTOR>
                    <SmokeDetectorNumber>1</SmokeDetectorNumber> 
                <EXTINGUISHERNUMBER>1</EXTINGUISHERNUMBER>
                <EXTINGUISHER>
                    <extinguisherID>1</extinguisherID>
                    <extinguisherX>2</extinguisherX>
                    <extinguisherY>17</extinguisherY>
                </EXTINGUISHER>        
                
                <wallNumbers>4</wallNumbers>
                <WALL>
                	<wallLabel>1</wallLabel>
                    <widthp>4</widthp>
                    <height>3</height>
                    <centerX>0</centerX>
                    <centerY>7</centerY>
                    <angle>90</angle>
                </WALL>
                <WALL>
                	<wallLabel>2</wallLabel>
                    <widthp>3</widthp>
                    <height>3</height>
                    <centerX>1.5</centerX>
                    <centerY>9</centerY>
                    <angle>0</angle>
     			</WALL>
     			<WALL>
                	<wallLabel>4</wallLabel>
                    <widthp>3</widthp>
                    <height>3</height>
                    <centerX>1.5</centerX>
                    <centerY>5</centerY>
                    <angle>0</angle>
        		</WALL>
        		<WALL>
                	<wallLabel>3</wallLabel>
                    <widthp>4</widthp>
                    <height>3</height>
                    <centerX>3</centerX>
                    <centerY>7</centerY>
                    <angle>90</angle>
          		</WALL>
               

                <CORNER>
                    <IDcorner>1</IDcorner>
                    <cornerX>10</cornerX>
                    <cornerY>0</cornerY>
                    <wallLabels>1,4</wallLabels>
                </CORNER>
                <CORNER>
                    <IDcorner>2</IDcorner>
                    <cornerX>18</cornerX>
                    <cornerY>0</cornerY>
                    <wallLabels>1,2</wallLabels>
                </CORNER> 
                <CORNER>  
                    <IDcorner>3</IDcorner>
                    <cornerX>18</cornerX>
                    <cornerY>6</cornerY>
                    <wallLabels>2,3</wallLabels>
                </CORNER>  
                <CORNER>  
                    <IDcorner>4</IDcorner>
                    <cornerX> 0</cornerX>
                    <cornerY>6</cornerY>
                    <wallLabels>3,4</wallLabels>                    
                </CORNER>

                <DOORNUMBER>2</DOORNUMBER>
                    <DOOR>
                        <ID>1</ID>
                        <TYPE>INTERNAL</TYPE>
                        <CAPACITY>2</CAPACITY>
                        <isHermetic>NO</isHermetic>
                        <widthd>1</widthd>
                        <height>2</height>
                        <doorX>6</doorX>
                        <doorY>16</doorY>
						<angled>90</angled>
                        <wallLabel>3</wallLabel>
                    </DOOR>
                    <DOOR>
                        <ID>2</ID>
                        <TYPE>INTERNAL</TYPE>
                        <CAPACITY>2</CAPACITY>
                        <isHermetic>YES</isHermetic>
                        <widthd>1</widthd>
                        <height>2</height>
                        <doorX>2.5</doorX>
                        <doorY>10</doorY>
						<angled>0</angled>
                        <wallLabel>4</wallLabel>
                    </DOOR>
                
                <WindowsNumber>1</WindowsNumber>
                	<WINDOW> 	
                    	<WindowID>1</WindowID>
                        <widthw>1</widthw>
                        <height>1.2</height>
                        <windowX>0</windowX>
                        <windowY>15</windowY>
						<anglew>90</anglew>
                        <wallLabel>1</wallLabel>
                    </WINDOW>         
            </ROOM>

             <ROOM>
                <LABEL>2</LABEL>
                <TYPE>NORMALROOM</TYPE>
                <HEIGHT>3</HEIGHT>
                <WIDTH>4</WIDTH>
                <LENGTH>3</LENGTH>
                <CAPACITY>5</CAPACITY>
                <SPRINKLER>YES</SPRINKLER>
                    <SprinklerNumber>2</SprinklerNumber>
                <SMOKEDETECTOR>YES</SMOKEDETECTOR>
                    <SmokeDetectorNumber>2</SmokeDetectorNumber> 
                 
                <EXTINGUISHERNUMBER>1</EXTINGUISHERNUMBER>
                <EXTINGUISHER>
                	<extinguisherID>2</extinguisherID>
                    <extinguisherX>12</extinguisherX>
                    <extinguisherY>12</extinguisherY>                        
                </EXTINGUISHER>
                
                             
                <wallNumbers>4</wallNumbers>
                <WALL>
                	<wallLabel>1</wallLabel>
                    <widthp>4</widthp>
                    <height>3</height>
                    <centerX>3</centerX>
                    <centerY>7</centerY>
                    <angle>90</angle>
                </WALL>
                <WALL>
                	<wallLabel>2</wallLabel>
                    <widthp>3</widthp>
                    <height>3</height>
                    <centerX>4.5</centerX>
                    <centerY>9</centerY>
                    <angle>0</angle>
                </WALL>
                <WALL>
                	<wallLabel>3</wallLabel>
                    <widthp>4</widthp>
                    <height>3</height>
                    <centerX>6</centerX>
                    <centerY>7</centerY>
                    <angle>90</angle>
                </WALL>
                <WALL>
                	<wallLabel>4</wallLabel>
                    <widthp>3</widthp>
                    <height>3</height>
                    <centerX>4.5</centerX>
                    <centerY>5</centerY>
                    <angle>0</angle>
                </WALL>               

                <CORNER>
                    <IDcorner>1</IDcorner>
                    <cornerX>10</cornerX>
                    <cornerY>6</cornerY>
                    <wallLabels>1,4</wallLabels>
                </CORNER>  
                <CORNER>  
                    <IDcorner>2</IDcorner>
                    <cornerX>18</cornerX>
                    <cornerY>6</cornerY>
                    <wallLabels>1,2</wallLabels>
                </CORNER>
                <CORNER>   
                    <IDcorner>3</IDcorner>
                    <cornerX>18</cornerX>
                    <cornerY>12</cornerY>
                    <wallLabels>2,3</wallLabels>
                </CORNER>
                <CORNER>    
                    <IDcorner>4</IDcorner>
                    <cornerX>10</cornerX>
                    <cornerY>12</cornerY>
                    <wallLabels>3,4</wallLabels>  
                </CORNER>

                <DOORNUMBER>2</DOORNUMBER>
                    <DOOR>
                        <ID>1</ID>
                        <TYPE>INTERNAL</TYPE>
                        <CAPACITY>2</CAPACITY>
                        <isHermetic>YES</isHermetic>
                        <widthd>1</widthd>
                        <height>2</height>
                        <doorX>6</doorX>
                        <doorY>16</doorY>
						<angled>90</angled>
                        <wallLabel>1</wallLabel>
                    </DOOR>
                    <DOOR>
                        <ID>3</ID>
                        <TYPE>INTERNAL</TYPE>
                        <CAPACITY>2</CAPACITY>
                        <isHermetic>YES</isHermetic>
                        <widthd>1</widthd>
                        <height>2</height>
                        <doorX>12</doorX>
                        <doorY>12</doorY>
						<angled>90</angled>
                        <wallLabel>3</wallLabel>
                    </DOOR>
               
                <WindowsNumber>1</WindowsNumber>
                <WINDOW>
                    <WindowID>2</WindowID>
                    <widthw>1.5</widthw>
                    <height>1.2</height>
                    <windowX>9</windowX>
                    <windowY>18</windowY>
					<anglew>0</anglew>
                    <wallLabel>2</wallLabel>
					
                </WINDOW>    
                
            </ROOM>

             <ROOM>
                <LABEL>3</LABEL>
                <TYPE>NORMALROOM</TYPE>
                <HEIGHT>3</HEIGHT>
                <WIDTH>5</WIDTH>
                <LENGTH>6</LENGTH>
                <CAPACITY>4</CAPACITY>
                <SPRINKLER>YES</SPRINKLER>
                    <SprinklerNumber>3</SprinklerNumber>
                <SMOKEDETECTOR>YES</SMOKEDETECTOR>
                    <SmokeDetectorNumber>3</SmokeDetectorNumber> 
                <EXTINGUISHERNUMBER>2</EXTINGUISHERNUMBER>
                <EXTINGUISHER>
                        <extinguisherID>3</extinguisherID>
                        <extinguisherX>8</extinguisherX>
                        <extinguisherY>16</extinguisherY>                        
                </EXTINGUISHER>
                <EXTINGUISHER>
                        <extinguisherID>4</extinguisherID>
                        <extinguisherX>10</extinguisherX>
                        <extinguisherY>8</extinguisherY>
                </EXTINGUISHER>       
                
                <wallNumbers>4</wallNumbers>
                <WALL>	
                	<wallLabel>1</wallLabel>
                    <widthp>5</widthp>
                    <height>3</height>
                    <centerX>0</centerX>
                    <centerY>2.5</centerY>
                    <angle>90</angle>
             	</WALL>
             	<WALL>
                	<wallLabel>2</wallLabel>
                    <widthp>6</widthp>
                    <height>3</height>
                    <centerX>3</centerX>
                    <centerY>5</centerY>
                    <angle>0</angle>
               </WALL>
               <WALL>
                	<wallLabel>3</wallLabel>
                    <widthp>5</widthp>
                    <height>3</height>
                    <centerX>6</centerX>
                    <centerY>2.5</centerY>
                    <angle>90</angle>
                </WALL>
                <WALL>
                	<wallLabel>4</wallLabel>
                    <widthp>6</widthp>
                    <height>3</height>
                    <centerX>3</centerX>
                    <centerY>0</centerY>
                    <angle>0</angle>
                </WALL>
               

                <CORNER>
                    <IDcorner>1</IDcorner>
                    <cornerX>0</cornerX>
                    <cornerY>0</cornerY>
                    <wallLabels>1,4</wallLabels>
                </CORNER>
                <CORNER>
                    <IDcorner>2</IDcorner>
                    <cornerX>10</cornerX>
                    <cornerY>0</cornerY>
                    <wallLabels>1,2</wallLabels>
                </CORNER>
                <CORNER>
                    <IDcorner>3</IDcorner>
                    <cornerX>10</cornerX>
                    <cornerY>12</cornerY>
                    <wallLabels>2,3</wallLabels>
                </CORNER>
                <CORNER>    
                    <IDcorner>4</IDcorner>
                    <cornerX>0</cornerX>
                    <cornerY>12</cornerY>
                    <wallLabels>3,4</wallLabels>                   
                </CORNER>

                <DOORNUMBER>2</DOORNUMBER>
                    <DOOR>
                        <ID>2</ID>
                        <TYPE>INTERNAL</TYPE>
                        <CAPACITY>2</CAPACITY>
                        <isHermetic>NO</isHermetic>
                        <widthd>1</widthd>
                        <height>2</height>
                        <doorX>2.5</doorX>
                        <doorY>10</doorY>
						<angled>0</angled>
                        <wallLabel>2</wallLabel>
                    </DOOR>
                    <DOOR>
                        <ID>4</ID>
                        <TYPE>INTERNAL</TYPE>
                        <CAPACITY>2</CAPACITY>
                        <isHermetic>YES</isHermetic>
                        <widthd>1</widthd>
                        <height>2</height>
                        <doorX>12</doorX>
                        <doorY>8</doorY>
						<angled>90</angled>
                        <wallLabel>3</wallLabel>
                    </DOOR>
                    <DOOR>
                        <ID>7</ID>
                        <TYPE>EXTERNAL</TYPE>
                        <CAPACITY>2</CAPACITY>
                        <isHermetic>YES</isHermetic>
                        <widthd>1</widthd>
                        <height>2</height>
                        <doorX>1</doorX>
                        <doorY>0</doorY>
						<angled>0</angled>
                        <wallLabel>1</wallLabel>
                    </DOOR>
                
                <WindowsNumber>2</WindowsNumber>
                	<WINDOW>
                    	<WindowID>3</WindowID>
                        <widthw>2</widthw>
                        <height>1.2</height>
                        <windowX>0</windowX>
                        <windowY>5</windowY>
						<anglew>90</anglew>
                        <wallLabel>4</wallLabel>
                    </WINDOW>
                    <WINDOW>
                    	<WindowID>4</WindowID>
                        <widthw>2</widthw>
                        <height>1.2</height>
                        <windowX>6</windowX>
                        <windowY>0</windowY>
						<anglew>0</anglew>
                        <wallLabel>1</wallLabel>
                	</WINDOW>
            </ROOM>

            <ROOM>
                <LABEL>4</LABEL>
                <TYPE>HALLWAY</TYPE>
                <HEIGHT>3</HEIGHT>
                <WIDTH>6</WIDTH>
                <LENGTH>3</LENGTH>
                <CAPACITY>2</CAPACITY>
                <SPRINKLER>YES</SPRINKLER>
                    <SprinklerNumber>4</SprinklerNumber>
                <SMOKEDETECTOR>YES</SMOKEDETECTOR>
                    <SmokeDetectorNumber>4</SmokeDetectorNumber> 
                <EXTINGUISHERNUMBER>1</EXTINGUISHERNUMBER>
                <EXTINGUISHER>
                        <extinguisherID>5</extinguisherID>
                            <extinguisherX>17</extinguisherX>
                            <extinguisherY>7</extinguisherY>                        
                </EXTINGUISHER>
                <wallNumbers>4</wallNumbers>
                <WALL>
                	<wallLabel>1</wallLabel>
                    <widthp>6</widthp>
                    <height>3</height>
                    <centerX>6</centerX>
                    <centerY>6</centerY>
                    <angle>90</angle>
                </WALL>
                <WALL>
                	<wallLabel>2</wallLabel>
                    <widthp>3</widthp>
                    <height>3</height>
                    <centerX>7.5</centerX>
                    <centerY>9</centerY>
                    <angle>0</angle>
               </WALL>
               <WALL>
                	<wallLabel>3</wallLabel>
                    <widthp>6</widthp>
                    <height>3</height>
                    <centerX>9</centerX>
                    <centerY>6</centerY>
                    <angle>90</angle>
               </WALL>
               <WALL>
                	<wallLabel>4</wallLabel>
                    <widthp>3</widthp>
                    <height>3</height>
                    <centerX>7.5</centerX>
                    <centerY>3</centerY>
                    <angle>0</angle>
              </WALL>
             

                <CORNER>
                    <IDcorner>1</IDcorner>
                    <cornerX>6</cornerX>
                    <cornerY>12</cornerY>
                    <wallLabels>1,4</wallLabels>
                </CORNER>
                <CORNER>    
                    <IDCorner>2</IDCorner>
                    <cornerX>18</cornerX>
                    <cornerY>12</cornerY>
                    <wallLabels>1,2</wallLabels>
                </CORNER>
                <CORNER>    
                    <IDcorner>3</IDcorner>
                    <cornerX>18</cornerX>
                    <cornerY>18</cornerY>
                    <wallLabels>2,3</wallLabels>
                </CORNER>
                <CORNER>    
                    <IDcorner>4</IDcorner>
                    <cornerX>6</cornerX>
                    <cornerY>18</cornerY>
                    <wallLabels>3,4</wallLabels>                    
                </CORNER>

                <DOORNUMBER>3</DOORNUMBER>
                    <DOOR>
                        <ID>3</ID>
                        <TYPE>INTERNAL</TYPE>
                        <CAPACITY>2</CAPACITY>
                        <isHermetic>YES</isHermetic>
                        <widthd>1</widthd>
                        <height>2</height>
                        <doorX>12</doorX>
                        <doorY>12</doorY>
						<angled>90</angled>
                        <wallLabel>1</wallLabel>
                    </DOOR>
                    <DOOR>
                        <ID>5</ID>
                        <TYPE>INTERNAL</TYPE>
                        <CAPACITY>2</CAPACITY>
                        <isHermetic>NO</isHermetic>
                        <widthd>1</widthd>
                        <height>2</height>
                        <doorX>18</doorX>
                        <doorY>9</doorY>
						<angled>90</angled>
                        <wallLabel>3</wallLabel>
                    </DOOR>
                    <DOOR>
                        <ID>4</ID>
                        <TYPE>INTERNAL</TYPE>
                        <CAPACITY>2</CAPACITY>
                        <isHermetic>YES</isHermetic>
                        <widthd>1</widthd>
                        <height>2</height>
                        <doorX>12</doorX>
                        <doorY>8</doorY>
						<angled>90</angled>
                        <wallLabel>1</wallLabel>
                    </DOOR>
                    <DOOR>
                        <ID>6</ID>
                        <TYPE>INTERNAL</TYPE>
                        <CAPACITY>2</CAPACITY>
                        <isHermetic>YES</isHermetic>
                        <widthd>1</widthd>
                        <height>2</height>
                        <doorX>15</doorX>
                        <doorY>6</doorY>
						<angled>0</angled>
                        <wallLabel>4</wallLabel>
                    </DOOR>
                
                <WindowsNumber>1</WindowsNumber>
                <WINDOW>
                    <WindowID>5</WindowID>
                    <widthw>2.5</widthw>
                    <height>1.2</height>
                    <windowX>12</windowX>
                    <windowY>14</windowY>
					<anglew>90</anglew>
                    <wallLabel>3</wallLabel>
                </WINDOW>    
                
            </ROOM>

            <ROOM>
                <LABEL>5</LABEL>
                <TYPE>STAIRSROOM</TYPE>
                <HEIGHT>3</HEIGHT>
                <WIDTH>3</WIDTH>
                <LENGTH>3</LENGTH>
                <CAPACITY>3</CAPACITY>
                <EXTINGUISHERNUMBER>0</EXTINGUISHERNUMBER>
                <SPRINKLER>NO</SPRINKLER>
                    <SprinklerNumber>5</SprinklerNumber>
                <SMOKEDETECTOR>NO</SMOKEDETECTOR>
                <wallNumbers>4</wallNumbers>
                <WALL>
                	<wallLabel>1</wallLabel>
                    <widthp>3</widthp>
                    <height>3</height>
                    <centerX>6</centerX>
                    <centerY>1.5</centerY>
                    <angle>90</angle>
                </WALL>
                <WALL>
                	<wallLabel>2</wallLabel>
                    <widthp>3</widthp>
                    <height>3</height>
                    <centerX>7.5</centerX>
                    <centerY>3</centerY>
                    <angle>0</angle>
                </WALL>
                <WALL>
                	<wallLabel>3</wallLabel>
                    <widthp>3</widthp>
                    <height>3</height>
                    <centerX>9</centerX>
                    <centerY>1.5</centerY>
                    <angle>90</angle>
                </WALL>
                <WALL>
                	<wallLabel>4</wallLabel>
                    <widthp>3</widthp>
                    <height>3</height>
                    <centerX>7.5</centerX>
                    <centerY>0</centerY>
                    <angle>0</angle>
                </WALL>
               

                <CORNER>
                    <IDcorner>1</IDcorner>
                    <cornerX>0</cornerX>
                    <cornerY>12</cornerY>
                    <wallLabels>1,4</wallLabels>
                </CORNER> 
                <CORNER>  
                    <IDCorner>2</IDCorner>
                    <cornerX>6</cornerX>
                    <cornerY>12</cornerY>
                    <wallLabels>1,2</wallLabels>
                </CORNER>
                <CORNER>    
                    <IDcorner>3</IDcorner>
                    <cornerX>6</cornerX>
                    <cornerY>18</cornerY>
                    <wallLabels>2,3</wallLabels>
                </CORNER>
                <CORNER>    
                    <IDcorner>4</IDcorner>
                    <cornerX>0</cornerX>
                    <cornerY>18</cornerY>
                    <wallLabels>3,4</wallLabels>    
                </CORNER>

                <DOORNUMBER>1</DOORNUMBER>
                <DOOR>
                    <ID>6</ID>
                        <TYPE> INTERNAL </TYPE>
                        <CAPACITY>2</CAPACITY>
                        <isHermetic>NO</isHermetic>
                        <widthd>1</widthd>
                        <height>2</height>
                        <doorX>15</doorX>
                        <doorY>6</doorY>
						<angled>0</angled>
                        <wallLabel>2</wallLabel>
                </DOOR>
                <WindowsNumber>1</WindowsNumber>
                <WINDOW>
                    <WindowID>6</WindowID>
                    <widthw>2.5</widthw>
                    <height>1.2</height>
                    <windowX>12</windowX>
                    <windowY>3.5</windowY>
					<anglew>90</anglew>
                    <wallLabel>3</wallLabel>
                </WINDOW>    
                
            </ROOM>
     </LEVEL>
     
	 <LEVEL>
     <LevelNumber>1</LevelNumber>
        <HEIGHT>3</HEIGHT>
        <WIDTH>9</WIDTH>
        <LENGTH>9</LENGTH>
        <ROOMNUMBER>5</ROOMNUMBER>
            <ROOM>
                <LABEL>1</LABEL>
                <TYPE>NORMALROOM</TYPE>
                <HEIGHT>3</HEIGHT>
                <WIDTH>4</WIDTH>
                <LENGTH>3</LENGTH>
                <CAPACITY>5</CAPACITY>
                <SPRINKLER>YES</SPRINKLER>
                    <SprinklerNumber>6</SprinklerNumber>
                <SMOKEDETECTOR>YES</SMOKEDETECTOR>
                    <SmokeDetectorNumber>5</SmokeDetectorNumber> 
                <EXTINGUISHERNUMBER>1</EXTINGUISHERNUMBER>
                <EXTINGUISHER>
                        <extinguisherID>6</extinguisherID>
                        <extinguisherX>2</extinguisherX>
                        <extinguisherY>17</extinguisherY>
                </EXTINGUISHER>        
                
                <wallNumbers>4</wallNumbers>
                <WALL>
                    <wallLabel>1</wallLabel>
                    <widthp>4</widthp>
                    <height>3</height>
                    <centerX>0</centerX>
                    <centerY>7</centerY>
                    <angle>90</angle>
                </WALL>
                <WALL>
                    <wallLabel>2</wallLabel>
                    <widthp>3</widthp>
                    <height>3</height>
                    <centerX>1.5</centerX>
                    <centerY>9</centerY>
                    <angle>0</angle>
                </WALL>
                <WALL>
                    <wallLabel>4</wallLabel>
                    <widthp>3</widthp>
                    <height>3</height>
                    <centerX>1.5</centerX>
                    <centerY>5</centerY>
                    <angle>0</angle>
                </WALL>
                <WALL>
                    <wallLabel>3</wallLabel>
                    <widthp>4</widthp>
                    <height>3</height>
                    <centerX>3</centerX>
                    <centerY>7</centerY>
                    <angle>90</angle>
                </WALL>
               
                <CORNER>
                    <IDcorner>1</IDcorner>
                    <cornerX>10</cornerX>
                    <cornerY>0</cornerY>
                    <wallLabels>1,4</wallLabels>
                </CORNER>
                <CORNER>
                    <IDcorner>2</IDcorner>
                    <cornerX>18</cornerX>
                    <cornerY>0</cornerY>
                    <wallLabels>1,2</wallLabels>
                </CORNER>   
                <CORNER> 
                    <IDcorner>3</IDcorner>
                    <cornerX>18</cornerX>
                    <cornerY>6</cornerY>
                    <wallLabels>2,3</wallLabels>                    
                </CORNER>
                <CORNER>
                    <IDCorner>4</IDCorner>
                    <cornerX>10</cornerX>
                    <cornerY>6</cornerY>
                    <wallLabels>3,4</wallLabels>                    
                </CORNER>
                
                <DOORNUMBER>2</DOORNUMBER>
                    <DOOR>
                        <ID>1</ID>
                        <TYPE>INTERNAL</TYPE>
                        <CAPACITY>2</CAPACITY>
                        <isHermetic>NO</isHermetic>
                        <widthd>1</widthd>
                        <height>2</height>
                        <doorX>6</doorX>
                        <doorY>16</doorY>
						<angled>90</angled>
                        <wallLabel>3</wallLabel>
                    </DOOR>
                    <DOOR>
                        <ID>2</ID>
                        <TYPE>INTERNAL</TYPE>
                        <CAPACITY>2</CAPACITY>
                        <isHermetic>YES</isHermetic>
                        <widthd>1</widthd>
                        <height>2</height>
                        <doorX>2.5</doorX>
                        <doorY>10</doorY>
						<angled>0</angled>
                        <wallLabel>4</wallLabel>
                    </DOOR>
                
                <WindowsNumber>1</WindowsNumber>
                <WINDOW>
                    <WindowID>7</WindowID>
                    <widthw>1</widthw>
                    <height>1.2</height>
                    <windowX>0</windowX>
                    <windowY>15</windowY>
					<anglew>90</anglew>
                    <wallLabel>1</wallLabel>
                 </WINDOW>   
               
            </ROOM>

             <ROOM>
                <LABEL>2</LABEL>
                <TYPE>NORMALROOM</TYPE>
                <HEIGHT>3</HEIGHT>
                <WIDTH>4</WIDTH>
                <LENGTH>3</LENGTH>
                <CAPACITY>5</CAPACITY>
                <SPRINKLER>YES</SPRINKLER>
                    <SprinklerNumber>7</SprinklerNumber>
                <SMOKEDETECTOR>YES</SMOKEDETECTOR>
                    <SmokeDetectorNumber>6</SmokeDetectorNumber> 
                <EXTINGUISHERNUMBER>1</EXTINGUISHERNUMBER>
                <EXTINGUISHER>
                        <extinguisherID>7</extinguisherID>
                        <extinguisherX>12</extinguisherX>
                        <extinguisherY>12</extinguisherY>
                </EXTINGUISHER>        
                
                <wallNumbers>4</wallNumbers>
               <WALL>
                    <wallLabel>1</wallLabel>
                    <widthp>4</widthp>
                    <height>3</height>
                    <centerX>3</centerX>
                    <centerY>7</centerY>
                    <angle>90</angle>
                </WALL>
                <WALL>
                    <wallLabel>2</wallLabel>
                    <widthp>3</widthp>
                    <height>3</height>
                    <centerX>4.5</centerX>
                    <centerY>9</centerY>
                    <angle>0</angle>
                </WALL>
                <WALL>
                    <wallLabel>3</wallLabel>
                    <widthp>4</widthp>
                    <height>3</height>
                    <centerX>6</centerX>
                    <centerY>7</centerY>
                    <angle>90</angle>
                </WALL>
                <WALL>
                    <wallLabel>4</wallLabel>
                    <widthp>3</widthp>
                    <height>3</height>
                    <centerX>4.5</centerX>
                    <centerY>5</centerY>
                    <angle>0</angle>
                </WALL>           
               
               
                <CORNER>
                    <IDcorner>1</IDcorner>
                    <cornerX>10</cornerX>
                    <cornerY>6</cornerY>
                    <wallLabels>1,4</wallLabels>
                </CORNER>
                <CORNER>    
                    <IDcorner>2</IDcorner>
                    <cornerX>18</cornerX>
                    <cornerY>6</cornerY>
                    <wallLabels>1,2</wallLabels>
                </CORNER>
                <CORNER>    
                    <IDcorner>3</IDcorner>
                    <cornerX>18</cornerX>
                    <cornerY>12</cornerY>
                    <wallLabels>2,3</wallLabels>
                </CORNER>
                <CORNER>    
                    <IDcorner>4</IDcorner>
                    <cornerX>10</cornerX>
                    <cornerY>12</cornerY>
                    <wallLabels>3,4</wallLabels>
                </CORNER>
                <DOORNUMBER>2</DOORNUMBER>
                    <DOOR>
                        <ID>1</ID>
                        <TYPE>INTERNAL</TYPE>
                        <CAPACITY>2</CAPACITY>
                        <isHermetic>YES</isHermetic>
                        <widthd>1</widthd>
                        <height>2</height>
                        <doorX>6</doorX>
                        <doorY>16</doorY>
						<angled>90</angled>
                        <wallLabel>1</wallLabel>
                    </DOOR>
                    <DOOR>
                        <ID>3</ID>
                        <TYPE>INTERNAL</TYPE>
                        <CAPACITY>2</CAPACITY>
                        <isHermetic>YES</isHermetic>
                        <widthd>1</widthd>
                        <height>2</height>
                        <doorX>12</doorX>
                        <doorY>12</doorY>
						<angled>90</angled>
                        <wallLabel>3</wallLabel>
                    </DOOR>
                
                <WindowsNumber>1</WindowsNumber>
                	<WINDOW>
                    	<WindowID>8</WindowID>
                        <widthw>1.5</widthw>
                        <height>1.2</height>
                        <windowX>9</windowX>
                        <windowY>18</windowY>
						<anglew>0</anglew>
                        <wallLabel>2</wallLabel>
                    </WINDOW>
                
            </ROOM>

             <ROOM>
                <LABEL>3</LABEL>
                <TYPE>NORMALROOM</TYPE>
                <HEIGHT>3</HEIGHT>
                <WIDTH>5</WIDTH>
                <LENGTH>6</LENGTH>
                <CAPACITY>4</CAPACITY>
                <SPRINKLER>YES</SPRINKLER>
                    <SprinklerNumber>8</SprinklerNumber>
                <SMOKEDETECTOR>YES</SMOKEDETECTOR>
                    <SmokeDetectorNumber>7</SmokeDetectorNumber> 
                <EXTINGUISHERNUMBER>2</EXTINGUISHERNUMBER>
                	<EXTINGUISHER>
                        <extinguisherID>8</extinguisherID>
                            <extinguisherX>8</extinguisherX>
                            <extinguisherY>16</extinguisherY>
                    </EXTINGUISHER>
                    <EXTINGUISHER>
                        <extinguisherID>9</extinguisherID>
                            <extinguisherX>10</extinguisherX>
                            <extinguisherY>8</extinguisherY>                        
                    </EXTINGUISHER>
                
                <wallNumbers>4</wallNumbers>
               <WALL>   
                    <wallLabel>1</wallLabel>
                    <widthp>5</widthp>
                    <height>3</height>
                    <centerX>0</centerX>
                    <centerY>2.5</centerY>
                    <angle>90</angle>
                </WALL>
                <WALL>
                    <wallLabel>2</wallLabel>
                    <widthp>6</widthp>
                    <height>3</height>
                    <centerX>3</centerX>
                    <centerY>5</centerY>
                    <angle>0</angle>
               </WALL>
               <WALL>
                    <wallLabel>3</wallLabel>
                    <widthp>5</widthp>
                    <height>3</height>
                    <centerX>6</centerX>
                    <centerY>2.5</centerY>
                    <angle>90</angle>
                </WALL>
                <WALL>
                    <wallLabel>4</wallLabel>
                    <widthp>6</widthp>
                    <height>3</height>
                    <centerX>3</centerX>
                    <centerY>0</centerY>
                    <angle>0</angle>
                </WALL>
             
                <CORNER>
                    <IDcorner>1</IDcorner>
                        <cornerX>0</cornerX>
                        <cornerY>0</cornerY>
                        <wallLabels>1,4</wallLabels>
                </CORNER>
                <CORNER>    
                    <IDCorner>2</IDCorner>
                        <cornerX>10</cornerX>
                        <cornerY>0</cornerY>
                        <wallLabels>1,2</wallLabels>
                </CORNER>
                <CORNER>    
                    <IDcorner>3</IDcorner>
                        <cornerX>10</cornerX>
                        <cornerY>12</cornerY>
                        <wallLabels>2,3</wallLabels>
                </CORNER>
                <CORNER>    
                    <IDcorner>4</IDcorner>
                        <cornerX>0</cornerX>
                        <cornerY>12</cornerY>
                        <wallLabels>3,4</wallLabels>    
                </CORNER>
                
                <DOORNUMBER>2</DOORNUMBER>
                    <DOOR>
                        <ID>2</ID>
                        <TYPE>INTERNAL</TYPE>
                        <CAPACITY>2</CAPACITY>
                        <isHermetic>NO</isHermetic>
                        <widthd>1</widthd>
                        <height>2</height>
                        <doorX>2.5</doorX>
                        <doorY>10</doorY>
						<angled>0</angled>
                        <wallLabel>2</wallLabel>
                    </DOOR>
                    <DOOR>
                        <ID>4</ID>
                        <TYPE>INTERNAL</TYPE>
                        <CAPACITY>2</CAPACITY>
                        <isHermetic>YES</isHermetic>
                        <widthd>1</widthd>
                        <height>2</height>
                        <doorX>12</doorX>
                        <doorY>8</doorY>
						<angled>90</angled>
                        <wallLabel>3</wallLabel>
                    </DOOR>
               
                <WindowsNumber>2</WindowsNumber>
                <WINDOW>
                    <WindowID>9</WindowID>
                        <widthw>2</widthw>
                        <height>1.2</height>
                        <windowX>0</windowX>
                        <windowY>5</windowY>
						<anglew>90</anglew>
                        <wallLabel>1</wallLabel>
                </WINDOW>   
                <WINDOW> 
                    <WindowID>10</WindowID>
                        <widthw>2</widthw>
                        <height>1.2</height>
                        <windowX>6</windowX>
                        <windowY>0</windowY>
						<anglew>0</anglew>
                        <wallLabel>4</wallLabel>
                </WINDOW>    
               
            </ROOM>

            <ROOM>
                <LABEL>4</LABEL>
                <TYPE>HALLWAY</TYPE>
                <HEIGHT>3</HEIGHT>
                <WIDTH>6</WIDTH>
                <LENGTH>3</LENGTH>
                <CAPACITY>2</CAPACITY>
                <SPRINKLER>YES</SPRINKLER>
                    <SprinklerNumber>8</SprinklerNumber>
                <SMOKEDETECTOR>YES</SMOKEDETECTOR>
                    <SmokeDetectorNumber>7</SmokeDetectorNumber> 
                <EXTINGUISHERNUMBER>1</EXTINGUISHERNUMBER>
                	<EXTINGUISHER>
                        <extinguisherID>10</extinguisherID>
                            <extinguisherX>17</extinguisherX>
                            <extinguisherY>7</extinguisherY>
                    </EXTINGUISHER>   
                
                <wallNumbers>4</wallNumbers>
                <WALL>
                    <wallLabel>1</wallLabel>
                    <widthp>6</widthp>
                    <height>3</height>
                    <centerX>6</centerX>
                    <centerY>6</centerY>
                    <angle>90</angle>
                </WALL>
                <WALL>
                    <wallLabel>2</wallLabel>
                    <widthp>3</widthp>
                    <height>3</height>
                    <centerX>7.5</centerX>
                    <centerY>9</centerY>
                    <angle>0</angle>
               </WALL>
               <WALL>
                    <wallLabel>3</wallLabel>
                    <widthp>6</widthp>
                    <height>3</height>
                    <centerX>9</centerX>
                    <centerY>6</centerY>
                    <angle>90</angle>
               </WALL>
               <WALL>
                    <wallLabel>4</wallLabel>
                    <widthp>3</widthp>
                    <height>3</height>
                    <centerX>7.5</centerX>
                    <centerY>3</centerY>
                    <angle>0</angle>
              </WALL>
             
                <CORNER>
                    <IDcorner>1</IDcorner>
                        <cornerX>6</cornerX>
                        <cornerY>12</cornerY>
                        <wallLabels>1,4</wallLabels>
                </CORNER>
                <CORNER>    
                    <IDcorner>2</IDcorner>
                        <cornerX>18</cornerX>
                        <cornerY>12</cornerY>
                        <wallLabels>1,2</wallLabels>
                </CORNER>
                <CORNER>    
                    <IDcorner>3</IDcorner>
                        <cornerX>18</cornerX>
                        <cornerY>18</cornerY>
                        <wallLabels>2,3</wallLabels>
                </CORNER>
                <CORNER>    
                    <IDcorner>4</IDcorner>
                        <cornerX>6</cornerX>
                        <cornerY>18</cornerY>
                        <wallLabels>3,4</wallLabels>   
                </CORNER>
                
                <DOORNUMBER>3</DOORNUMBER>
                    <DOOR>
                        <ID>3</ID>
                        <TYPE>INTERNAL</TYPE>
                        <CAPACITY>2</CAPACITY>
                        <isHermetic>YES</isHermetic>
                        <widthd>1</widthd>
                        <height>2</height>
                        <doorX>12</doorX>
                        <doorY>12</doorY>
						<angled>90</angled>
                        <wallLabel>1</wallLabel>
                    </DOOR>
                    <DOOR>
                        <ID>4</ID>
                        <TYPE>INTERNAL</TYPE>
                        <CAPACITY>2</CAPACITY>
                        <isHermetic>YES</isHermetic>
                        <widthd>1</widthd>
                        <height>2</height>
                        <doorX>12</doorX>
                        <doorY>8</doorY>
						<angled>90</angled>
                        <wallLabel>1</wallLabel>
                    </DOOR>
                    <DOOR>
                        <ID>5</ID>
                        <TYPE>INTERNAL</TYPE>
                        <CAPACITY>2</CAPACITY>
                        <isHermetic>YES</isHermetic>
                        <widthd>1</widthd>
                        <height>2</height>
                        <doorX>15</doorX>
                        <doorY>6</doorY>
						<angled>0</angled>
                        <wallLabel>4</wallLabel>
                    </DOOR>
                
                <WindowsNumber >1</WindowsNumber>
               <WINDOW> 
                    <WindowID>11</WindowID>
                        <widthw>2.5</widthw>
                        <height>1.2</height>
                        <windowX>12</windowX>
                        <windowY>14</windowY>
						<anglew>90</anglew>
                        <wallLabel>3</wallLabel>
                </WINDOW>     
               
            </ROOM>

            <ROOM>
                <LABEL>5</LABEL>
                <TYPE>STAIRSROOM</TYPE>
                <HEIGHT>3</HEIGHT>
                <WIDTH>3</WIDTH>
                <LENGTH>3</LENGTH>
                <CAPACITY>3</CAPACITY>
                <SPRINKLER>NO</SPRINKLER>
                    <SprinklerNumber>10</SprinklerNumber>
                <SMOKEDETECTOR>NO</SMOKEDETECTOR>
                <EXTINGUISHERNUMBER>0</EXTINGUISHERNUMBER>
                <wallNumbers>4</wallNumbers>
               <WALL>
                    <wallLabel>1</wallLabel>
                    <widthp>3</widthp>
                    <height>3</height>
                    <centerX>6</centerX>
                    <centerY>1.5</centerY>
                    <angle>90</angle>
                </WALL>
                <WALL>
                    <wallLabel>2</wallLabel>
                    <widthp>3</widthp>
                    <height>3</height>
                    <centerX>7.5</centerX>
                    <centerY>3</centerY>
                    <angle>0</angle>
                </WALL>
                <WALL>
                    <wallLabel>3</wallLabel>
                    <widthp>3</widthp>
                    <height>3</height>
                    <centerX>9</centerX>
                    <centerY>1.5</centerY>
                    <angle>90</angle>
                </WALL>
                <WALL>
                    <wallLabel>4</wallLabel>
                    <widthp>3</widthp>
                    <height>3</height>
                    <centerX>7.5</centerX>
                    <centerY>0</centerY>
                    <angle>0</angle>
                </WALL>
            
                <CORNER>
                    <IDcorner>1</IDcorner>
                        <cornerX>0</cornerX>
                        <cornerY>12</cornerY>
                        <wallLabels>1,4</wallLabels>
                </CORNER>
                <CORNER>    
                    <IDCorner>2</IDCorner>
                        <cornerX>6</cornerX>
                        <cornerY>12</cornerY>
                        <wallLabels>1,2</wallLabels>
                </CORNER>
                <CORNER>    
                        <IDcorner>3</IDcorner>
                        <cornerX>6</cornerX>
                        <cornerY>18</cornerY>
                        <wallLabels>2,3</wallLabels>
                </CORNER>
                <CORNER>   
                    <IDcorner>4</IDcorner>
                        <cornerX>0</cornerX>
                        <cornerY>18</cornerY>
                        <wallLabels>3,4</wallLabels> 
                </CORNER>
                <DOORNUMBER>1</DOORNUMBER>
                <DOOR>
                    <ID>5</ID>
                        <TYPE>INTERNAL</TYPE>
                        <CAPACITY>2</CAPACITY>
                        <isHermetic> NO </isHermetic>
                        <widthd>1</widthd>
                        <height>2</height>
                        <doorX>15</doorX>
                        <doorY>6</doorY>
						<angled>0</angled>
                        <wallLabel>2</wallLabel>
                </DOOR>
                <WindowsNumber>1</WindowsNumber>
                <WINDOW>
                    <WindowID>12</WindowID>
                        <widthw>2.5</widthw>
                        <height>1.2</height>
                        <windowX>12</windowX>
                        <windowY>3.5</windowY>
						<anglew>90</anglew>
                        <wallLabel>3</wallLabel>
                </WINDOW>    
              
            </ROOM>
    </LEVEL>
</BUILDING>