<?xml version="1.0" encoding="UTF-8"?>
<BUILDING>
	<LEVEL>
		<LABEL> 0 </LABEL>
		<HEIGHT> 2.5 </HEIGHT>
		<WIDTH> 9 </WIDTH>
		<LENGHT> 8 </LENGHT>
		<CAPACITY> 120 </CAPACITY>
		<ROOM>
			<LABEL> 1 </LABEL>
			<TYPE> ROOM </TYPE>
			<HEIGHT> 2.5 </HEIGHT>
			<WIDTH> 5 </WIDTH>
			<LENGTH> 5 </LENGTH>
			<CAPACITY> 40 </CAPACITY>
			<SPRINKLER> YES </SPRINKLER>
			<SMOKEDETECTOR> YES </SMOKEDETECTOR>
			<EXTINGUISHERNUMBER> 2 </EXTINGUISHERNUMBER>
			<DOORNUMBER> 1 </DOORNUMBER>
			<DOOR>
				<ID> 1 </ID>
				<TYPE > EXTERNAL </TYPE >
				<CAPACITY> 2 </CAPACITY>
				<POSITION> NORTH </POSITION>
			</DOOR>
		</ROOM>
		<ROOM>
			<LABEL> 2 </LABEL>
			<TYPE> ROOM </TYPE>
			<HEIGHT> 2.5 </HEIGHT>
			<WIDTH> 4 </WIDTH>
			<LENGTH> 4 </LENGTH>
			<CAPACITY> 30 </CAPACITY>
			<SPRINKLER> YES </SPRINKLER>
			<SMOKEDETECTOR> NO </SMOKEDETECTOR>
			<EXTINGUISHERNUMBER> 1 </EXTINGUISHERNUMBER>
			<DOORNUMBER> 1 </DOORNUMBER>
			<DOOR>
				<ID> 1 </ID>
				<TYPE > EXTERNAL </TYPE >
				<CAPACITY> 2 </CAPACITY>
				<POSITION>  EAST </POSITION>
			</DOOR>
		</ROOM>
		<ROOM>
			<LABEL> 3 </LABEL>
			<TYPE> HALLWAY </TYPE>
			<HEIGHT> 2.5 </HEIGHT>
			<WIDTH> 3 </WIDTH>
			<LENGTH> 2 </LENGTH>
			<CAPACITY> 15 </CAPACITY>
			<SPRINKLER> NO </SPRINKLER>
			<SMOKEDETECTOR> </SMOKEDETECTOR>
			<EXTINGUISHERNUMBER> 0 </EXTINGUISHERNUMBER>
			<DOORNUMBER> 2 </DOORNUMBER>
			<DOOR>
				<ID> 1 </ID>
				<TYPE > EXTERNAL </TYPE >
				<CAPACITY> 3 </CAPACITY>
				<POSITION> SOUTH </POSITION>
			</DOOR>
			<DOOR>
				<ID> 2 </ID>
				<TYPE > EXTERNAL </TYPE >
				<CAPACITY> 3 </CAPACITY>
				<POSITION> SOUTH </POSITION>
			</DOOR>
		</ROOM>

		<ROOM>
			<LABEL> 4 </LABEL>
			<TYPE> ROOM </TYPE>
			<HEIGHT> 2.5 </HEIGHT>
			<WIDTH> 4 </WIDTH>
			<LENGTH> 5 </LENGTH>
			<CAPACITY>35 </CAPACITY>
			<SPRINKLER> YES </SPRINKLER>
			<SMOKEDETECTOR> YES </SMOKEDETECTOR>
			<EXTINGUISHERNUMBER> 1 </EXTINGUISHERNUMBER>
			<DOORNUMBER> 1 </DOORNUMBER>
			<DOOR>
				<ID> 1 </ID>
				<TYPE > EXTERNAL </TYPE >
				<CAPACITY> 2 </CAPACITY>
				<POSITION> WEST </POSITION>
			</DOOR>
		</ROOM>
	</LEVEL>
</BUILDING>